"","DC","CD8","Treg","B","M1","M2","Endo","CAF","NK","Tumor"
"TCGA-3M-AB46-01",0.00772431767125087,0,0,0.00913811175830432,0.0681116747316685,0.00711019624727904,0.0117362385322733,0.102640850178693,1.67016861073118e-09,0.793538609210363
"TCGA-3M-AB47-01",0.0228458216372769,0.000908254759154244,0,0.0278734096421184,0.0338877280041051,0.0566965570965772,0.122323451325753,0.188314690591554,2.25170629210155e-09,0.547150084691755
"TCGA-B7-5816-01",0.0401711456005002,0.000371460479473747,0.0257844444395169,0,0.388467165668726,0,0.013366494372794,0.251762608552166,0.00212052794734809,0.277956152939475
"TCGA-B7-5818-01",0.0365375560890068,0.0185827544248153,0.00849777645049744,0.00638738524193262,0.10548778669391,0.013441392735925,0.00883631106888212,0.0673232137380919,0.000592296471347291,0.734313527085592
"TCGA-B7-A5TI-01",0.0207445760679019,0.00309294789475667,0.0188448326229411,0.0224293852391357,0.0521202107345361,0.0407946430680401,0.045308309386365,0.204179573887029,4.14172889519672e-05,0.592444103810343
"TCGA-B7-A5TJ-01",0.0239383099011542,0,0,0.011224352267941,0.017797145544376,0.029346903327635,0.0390515210609248,0.0565576288589039,3.82830305715855e-10,0.822084138656235
"TCGA-B7-A5TK-01",0.0872686590637037,0.0916959753666398,0.0208815742694314,0.00416546841547875,0.0941532415334686,0.0445680281037569,0.0249971460612614,0.0661909078625558,0.00791457083466155,0.558164428489042
"TCGA-B7-A5TN-01",0.0167672127850644,0.00257407237842583,0,0.0153424219379636,0.0945492452268209,0.0180194182200723,0.0252964259410876,0.29624709658211,2.47360830745806e-07,0.531203859567625
"TCGA-BR-4187-01",0.136774095905194,0.0138976308256632,0,0.0231375728725346,0.0210390072697297,0.139586330413163,0.0484512527417509,0.242859928085132,2.9623488415649e-07,0.374253885651949
"TCGA-BR-4191-01",0.111721478219702,0.0165077831315956,0.0287797665374886,0.0210202440326019,0.0948202555876592,0.0942914077324384,0.0340442138150208,0.0377502340617142,0.00216168212436024,0.558902934757419
"TCGA-BR-4201-01",0.0589370118276205,0.00250863924245374,0.0207763724743618,0.0119003818837616,0.0629576256425492,0.0543462297182456,0.0223413250884561,0.265055422759834,0.00164359391160839,0.499533397451109
"TCGA-BR-4253-01",0.0821191627086208,0.0734058278599371,0.0347262594952777,0.0179423754100515,0.134997293144293,0.0717800998226638,0.00720395207211477,0.0218200582007442,0.00581527183067737,0.550189699455619
"TCGA-BR-4255-01",0.0462258755108855,0.0203388718509271,0,0.0203933558961534,0.0411592501751788,0.06817934563457,0.0520464461081096,0.147595278055941,2.090614927473e-07,0.604061367706742
"TCGA-BR-4256-01",0.0842653939961391,0.0246654945079718,0,0.00926737224416575,0.111365247565254,0.0640973986757513,0.054128690715029,0.150061600316184,0.00030391019918672,0.501844891780318
"TCGA-BR-4257-01",0.0770427142286725,0.0131993117605163,0.017569701468196,0.00851342809579827,0.0736713879555099,0.0483358354212089,0.0217370975812401,0.104721489439791,0.00140642902390546,0.633802605025161
"TCGA-BR-4267-01",0.0323436075579854,0.00166168419359343,0.0108778532486353,0.0121964145777578,0.18307235558271,0.00201018404607371,0.0144530169205374,0.0320383965345139,2.47497727217892e-09,0.711346484863216
"TCGA-BR-4279-01",0.102631434177893,0.0217330616659337,0,0.0103535894076052,0.0509608917205322,0.0895919745342387,0.0343004191199717,0.134008416483003,0.00213562883195331,0.55428458405887
"TCGA-BR-4280-01",0.0367446901385823,0.00969682641259591,0.0150305313892815,0.0109977885741811,0.0342524801867468,0.0452807129731628,0.0137084269819704,0.0239343064680117,0.00146888481023596,0.808885352065232
"TCGA-BR-4292-01",0.0440135561766207,0.012639017810789,0.0149139405439539,0.00783182655181377,0.0550617368635669,0.0297502688904859,0.0166695060224736,0.022747474542544,0.00334272087561216,0.79302995172214
"TCGA-BR-4294-01",3.74607640558017e-20,0.00197782258811805,0.00216139054864875,0.0039303799463694,0,0.0438599731512433,0.00561010001783547,0.00505967480874832,1.56092621994249e-09,0.937400657378111
"TCGA-BR-4357-01",0.0634470894824828,0.0204361032191534,0,0.0142711369229382,0.103680859460377,0.073047500762608,0.0190626994875892,0.0874633719959005,0.00166468978190774,0.616926548887043
"TCGA-BR-4361-01",0.0410214320390814,0.0182993503087421,0.0430749741832607,0.0059158407730189,0.100539065785613,0.0696369287096986,0.010574305489096,0.159775687550508,0.000324335187638769,0.550838079973343
"TCGA-BR-4362-01",0.0387664473802272,0.0194813356621575,0.0216522631454132,0.0140991842985397,0.109305722842679,0.014147293165736,0.0253508334869478,0.0568139987669103,0.00281426332351151,0.697568657927878
"TCGA-BR-4363-01",0.0500998406562378,0.0130979970303541,0,0.04699263853125,0.0776451730553811,0.0545832737948016,0.0138825141131868,0.177290679430275,0.000760004782573032,0.565647878605941
"TCGA-BR-4366-01",0.0204910295509541,0.0205689353623599,0.00227429948057056,0.0111003056597582,0.0303807032007809,0.0595821310735168,0.0210779743414437,0.0593801225576073,6.9274935008097e-10,0.775144498080259
"TCGA-BR-4367-01",0.0586051476399117,0.0126984213724851,0.0336777941124011,0.0140903736025789,0.0622162293293581,0.0847285993915915,0.0290792012856369,0.0860643069512203,0.00125903973766517,0.617580886577151
"TCGA-BR-4368-01",0.0837378079185077,0.0375544173238084,0,0.0137662380640596,0.0492043018744455,0.0400591205607186,0.0403504266118751,0.052578054764642,3.0097070721388e-10,0.682749632580972
"TCGA-BR-4369-01",0.0502705758489804,0.00297871097623131,0.021510987154548,0.0104220995826195,0.028243655913084,0.0457137392517913,0.0184540937787773,0.0565910679060612,1.01982070281524e-08,0.7658150593897
"TCGA-BR-4370-01",0.0726541225665556,0.0105523748242074,0.0365008487911115,0.0124701740621273,0.105710327099201,0.0431335867499776,0.0295209378808007,0.231360815348605,0.000145176646523733,0.457951636030891
"TCGA-BR-4371-01",0.0254684475954537,0.00239837445163329,0,0.00807132624761439,0.0222517720145339,0.0265298315015426,0.0124625702604997,0.0194341757489222,8.57994342226256e-05,0.883297702745578
"TCGA-BR-6452-01",0.0546116145745662,0.0117706098881556,0.0344764646269276,0.0143917079998455,0.077808422141157,0.0419964593372111,0.0227477426950741,0.0998543994758373,0.00217666262506142,0.640165916636164
"TCGA-BR-6453-01",0.107929712479024,0.0181138314558002,0.0284883672099869,0.242201754413611,0.0104769925893119,0.0862660280102225,0.0677025139944686,0.0667789654047672,0.000363891268361687,0.371677943174446
"TCGA-BR-6454-01",0.03818282433833,0.0608766208313016,0.0315154073435718,0.0335370821768417,0.0609229038573,0.0245977402299749,0.0283758626552138,0.0233426139393584,0.000807885569595716,0.697841059058512
"TCGA-BR-6455-01",0.0674521044749369,0.0339709837246199,0,0.00912053763258756,0.0304923809106762,0.0261651868281043,0.0355042297361493,0.0468066370148632,2.84878628147319e-10,0.750487939393184
"TCGA-BR-6456-01",0.0492353100400237,0.0127554434626128,0,0.00796901273445541,0.113418635121632,0.027202990163085,0.0434209900809682,0.293276231915399,0.000230881557428777,0.452490504924395
"TCGA-BR-6457-01",0.0505697356034631,0.0165568769239465,0,0.0330835899247337,0.0330771129920725,0.053575248367404,0.114779251832961,0.242952268270817,0.000266809178926225,0.455139106905676
"TCGA-BR-6458-01",0.0510682343683261,0.0289999187856833,0.0485097578030616,0.012529077233404,0.0663730666624259,0.0674430087108533,0.0310171847400819,0.258445921927149,0.000285543741739835,0.435328286027275
"TCGA-BR-6563-01",0.0633444894061797,0.0549358931019378,0.0204735404439165,0.0565959690720473,0.0267518846692337,0.0824275715971202,0.0556979464456837,0.167208991770481,0.000395362472136442,0.472168351021264
"TCGA-BR-6564-01",0.0310538793416683,0.0116312485065281,0.01706321209677,0.011211126006657,0.0278243599120729,0.0457068697223005,0.0869111259793936,0.0810870887014848,3.87640985390926e-09,0.687511085856715
"TCGA-BR-6565-01",0.055868036121601,0.0217822992123583,0,0.0146969860447259,0.0502966442832774,0.0389798410051272,0.025249364226286,0.120743954171182,0.00102581507034596,0.671357059865096
"TCGA-BR-6566-01",0.0423483067754677,0.00377445514525515,0.0113920373569978,0.0044423814308779,0.0820982104076838,0.0241515897405433,0.00718877927726138,0.239478086920469,0.00544964798404278,0.579676504961401
"TCGA-BR-6705-01",0.0530345625012024,0.00570347029449566,0,0.0207509316828379,0.0375433092143773,0.0638121694127815,0.198324155328025,0.619822101140854,0.00100913895218499,1.61473241282709e-07
"TCGA-BR-6706-01",0.0571682127250467,0.109984531636664,0.0326142636874103,0.0197437324394041,0.11429857505704,0.0481913493804097,0.055595727040277,0.149816373866984,0.00790384563478847,0.404683388531976
"TCGA-BR-6707-01",0.0597051659071038,0.0505652260045422,0.00824065404240613,0.0110009291163534,0.0301566867088571,0.0217646904577243,0.022563327419984,0.0264060983771878,0.00246974171888242,0.767127480246959
"TCGA-BR-6709-01",0.112591536321421,0.0664649916000976,0.0325640835378301,0.0209174193258847,0.062896991583539,0.0495997379158769,0.0272253418665221,0.130481849598171,3.69160307493592e-08,0.497258011334627
"TCGA-BR-6801-01",0.00624379491026926,0,0,0.000863623914695803,0.0265991867335172,0.0209551791810093,0.0253946255794594,0.153787622922654,8.0171320250801e-08,0.766155886587075
"TCGA-BR-6802-01",0.0431069864404186,0.0316460330694063,0.0192548296143295,0.0180182926785857,0.0738423902870428,0.0157371928986753,0.0317291047701115,0.109361909557036,0.00772000176978302,0.649583258914611
"TCGA-BR-6803-01",0.0508150779988884,0.0246755806896754,0.0152694230880609,0.0263829547533596,0.027561021630092,0.0446764841622247,0.103585978870741,0.0707047563028017,0.000579718803489861,0.635749003700667
"TCGA-BR-6852-01",0.0918641177036558,0.0986626006990364,0.0281621162480131,0.00961768546441213,0.120313083020358,0.0319319788561346,0.0198037745844338,0.10979406733961,0.027724838110992,0.462125737973354
"TCGA-BR-7196-01",0.0716234128155915,0.036132990142912,0,0.0276856762108755,0.0799446248480904,0.0624295627424368,0.118329715292175,0.133727919178851,0.000640624294306425,0.469485474474761
"TCGA-BR-7197-01",0.00853278167735913,0,0.02234599660977,0.00100545345745011,0.0210927834173353,0.0235686969447208,0.0281279431800991,0.0819235225189796,3.63290312420201e-09,0.813402818561383
"TCGA-BR-7703-01",0.0144797958262467,0.00247713798361457,0.00933901289309537,0.00610007829352889,0.0327492794935433,0.0400603434647882,0.0146249941237785,0.0299346489428803,0.0019843353011626,0.848250373677362
"TCGA-BR-7704-01",0.0859696728039002,0.0277152316725745,0,0.0166298900839111,0.0305854062602814,0.0369630896746945,0.0221692798186701,0.051284827077994,0.0101136146154641,0.71856898799251
"TCGA-BR-7707-01",0.0319869384496763,0.00621240644770672,0,0,0.114482890118143,0,0.0158248620910279,0.10531938958241,0.00485537079796939,0.721318142513067
"TCGA-BR-7715-01",0.014475053289723,0.00265138720723573,0,0.00608927981296049,0.0224132772236788,0.0333328112703523,0.0285338082767004,0.164543025063384,2.70374383025043e-09,0.727961355152221
"TCGA-BR-7716-01",0.0600320704079129,0.0696278970143652,0.03499960911795,0.0098309813795991,0.0370531023749739,0.0632497904180461,0.0192638115502667,0.042199641632132,0.00161774952432083,0.662125346580434
"TCGA-BR-7717-01",0.00997317961647575,0.00636293322082125,0,0.0142631246671595,0.0205063462980458,0.0321332325065281,0.0259412967182553,0.0749746485563779,1.71324541220047e-07,0.815845067091795
"TCGA-BR-7722-01",0.031078749659938,0.00230682859117651,0,0.0251638000089798,0.0417558830762626,0.029823564498744,0.0338209274138892,0.0439102764073585,0.000365887810020296,0.791774082533631
"TCGA-BR-7723-01",0.0589729313957791,0.0415514970614473,0,0.0252576813563069,0.0241234429707545,0.0307107894441669,0.0420091576433428,0.0943064827053515,1.99963689648186e-08,0.683067997426482
"TCGA-BR-7851-01",0.0381339227459104,0.00923518756225908,0,0.0194041422709596,0.0509970426507763,0.0366207772223528,0.0349191762159789,0.171756803330773,0.000443423406171487,0.638489524594819
"TCGA-BR-7901-01",0.052981292209855,0.0142260117183297,0,0.01378264897755,0.0673792886179305,0.0485417248840595,0.0644707913362262,0.135322328013366,5.42095669246432e-08,0.603295860033116
"TCGA-BR-7957-01",0.035338096474847,0.00704565013706678,0.0256855388071023,0.00974363941237927,0.0280193599134379,0.0733904265568979,0.0904190010970522,0.429816043785859,2.87762152866196e-08,0.300542215039142
"TCGA-BR-7958-01",0.115822799862448,0.097316929030474,0.0316491285197239,0.00887077029718749,0.0840883716930609,0.0379935749723035,0.0167091916389049,0.0853821442809542,0.00198782322225345,0.52017926648269
"TCGA-BR-7959-01",0.0345292914788717,0.00981213362767946,0.0392839747024442,0.0108908137135781,0.0562400678402784,0.0514287151188639,0.066737617210437,0.188527470356639,3.64871487328538e-08,0.542549879464059
"TCGA-BR-8058-01",0.0982345154824174,0.0379335221634845,0.0475302329290464,0.0388215897535695,0.0445658854534629,0.050683203580009,0.0424176618152635,0.10026485380106,2.77379900219718e-08,0.539548507283697
"TCGA-BR-8059-01",0.0132197593615057,0.00151130052717715,0,0.00442055507736859,0.0549659968735605,0.0151721466876552,0.0310641798474836,0.24776595076481,0.00114386954109557,0.630736241319344
"TCGA-BR-8060-01",0.0695339537118905,0.00780594189385443,0.0267892842412968,0.016122744404342,0.0507227044225994,0.0382581269764514,0.0546264308907376,0.0585630538702529,1.53950297305364e-10,0.677577759434625
"TCGA-BR-8077-01",0.0637026238062421,0.0555208613346153,0.0135028397115685,0.00570874872138313,0.0170812650918871,0.0344391005563364,0.0299963579948541,0.0319412113838031,0.000829572395310135,0.747277419004
"TCGA-BR-8078-01",0.0542175155585749,0.0423151398033886,0,0.00857270088111373,0.080137595418072,0.0409040501579385,0.0198973322669539,0.124046881199227,0.00119774708095446,0.628711037633777
"TCGA-BR-8080-01",0.0547636402462479,0.0168755180960084,0.0309130982890937,0.0376819610227292,0.0504214861647693,0.0542077075916674,0.0953230728782829,0.108253526983214,1.7011342015808e-09,0.551559987026853
"TCGA-BR-8081-01",0.0859990404630975,0.0227203795763216,0.0421844852804873,0.0299601347090919,0.0697508733461948,0.0508932271312304,0.0262078375899079,0.161437111833687,0.00122761110198476,0.509619298967997
"TCGA-BR-8284-01",0.0676775580970565,0.0767342025783413,0.0258304664236693,0.0215620812819299,0.0408413263834604,0.0550950950103998,0.045518159014267,0.0874597864012298,0.000471578091098212,0.578809746718548
"TCGA-BR-8286-01",0.0642480292492209,0.010578297902929,0.0217253071706461,0.0127961296948445,0.0409523150398553,0.0414728986981408,0.0418466291207822,0.0594613575712611,1.46321601864074e-08,0.70691902092016
"TCGA-BR-8289-01",0.0261879294287321,0.00688025972847214,0.0109753481595449,0.0121895628752894,0.0208897413860648,0.0246465124487924,0.0327728577058402,0.0730097391513628,4.48247111284863e-09,0.79244804463343
"TCGA-BR-8291-01",0.140428212697529,0.0264873694578651,0,0.0172683863324502,0.034309610856628,0.0953460368944888,0.0986708157651691,0.272794883951172,8.03030642588845e-09,0.314694676014391
"TCGA-BR-8295-01",0.00544400751326413,0.00603089497843205,0.00359276786283752,0.022199219495225,0,0.0049447211700991,0.0263112892479659,0.0192797265551709,6.23436773340968e-06,0.912191138809272
"TCGA-BR-8296-01",0.061708747195149,0.0147287237105072,0.0298909456332354,0.0821044831442331,0.0394202799943428,0.0298742013873078,0.0592986615892529,0.0653011767016595,4.27937413575533e-10,0.617672780216375
"TCGA-BR-8297-01",0.0242875583794884,0.00548831559561853,0,0.0219827493245929,0.0146610712984592,0.0359229962637394,0.0605420717859478,0.0420746509726824,1.25453634616105e-08,0.795040573834108
"TCGA-BR-8361-01",0.0165614652310671,0.0442886339908245,0.0216575500239536,0.0113731447017448,0.0448945380166762,0.0275601014361913,0.0235955812885701,0.0247143843577996,2.24191252687181e-08,0.785354578534047
"TCGA-BR-8362-01",0.0565983795941673,0.025355394532864,0,0.0108837100481058,0.038115411370871,0.0872076122819599,0.0510348829632858,0.0829778492769208,1.66092527393574e-08,0.647826743322573
"TCGA-BR-8363-01",0.0728773700509163,0.0757352759665718,0.0405396294791058,0.0122623158125148,0.0873798937061486,0.0301565159665447,0.0341403436655193,0.0839199876032365,0.001103520282398,0.561885147467044
"TCGA-BR-8364-01",0.0709934532042367,0.0214031127189284,0,0.0345044400949139,0.0331284247352565,0.0937131736403254,0.0634342162462635,0.393495548073482,1.02622883974188e-07,0.289327528663709
"TCGA-BR-8365-01",0.0339867877929461,0.0194936104181439,0.0202420373653313,0.0271214142479483,0.027472444577475,0.0673682618270586,0.10823337015332,0.0962992795726406,5.6555992065236e-09,0.599782788389537
"TCGA-BR-8366-01",0.100664189504261,0.0576471625051765,0,0.0349400501042292,0.0954247595485066,0.0539698942641951,0.0244342372837864,0.100574343509825,0.0041756765469322,0.528169686733087
"TCGA-BR-8367-01",0.0445491021832792,0.00658360271040816,0.0230717219167535,0.015409986694861,0.0228155989766259,0.0723493071070005,0.0761150924685004,0.0642435330623133,2.25290059867532e-09,0.674862052627358
"TCGA-BR-8368-01",0.0130733276839775,0.00640389876225627,0,0.0111996601834973,0.0736102235847521,0.0156290191234424,0.0286462281201304,0.0232926084486016,2.44389003175824e-09,0.828145031649452
"TCGA-BR-8369-01",0.0209134266427898,0.0014577684526697,0,0.0247534743027885,0.0150138162440936,0.0440726040940908,0.0706274582847574,0.0552664086934999,1.73397195555773e-08,0.767895025945591
"TCGA-BR-8371-01",0.0404466148589319,0.00370609137706584,0.0104843810723813,0.0886636724292838,0.00399043677388804,0.0452483154376937,0.0552773940752088,0.0242899322417996,2.07357681407319e-09,0.72789315966017
"TCGA-BR-8372-01",0.103009069286042,0.024092640258199,0,0.00860967298340157,0.0544381434200501,0.0435680088187853,0.0068335069026721,0.0148685226185422,0.00150173292857978,0.743078702783728
"TCGA-BR-8373-01",0.0376568480423371,0.00291789184844154,0.0202759144846437,0.00875686316841835,0.0263888474446221,0.0604303655520721,0.0547507740695076,0.189008173591276,5.86360876374698e-09,0.599814315935073
"TCGA-BR-8380-01",0.031928605126466,0.00333147506449399,0,0.0157951839108354,0.0272155201363949,0.0588051286900558,0.0861069742486326,0.122824869770658,7.59202408733335e-10,0.653992242293261
"TCGA-BR-8381-01",0.0638056825523758,0.0519317052990594,0.0411127787716094,0.0606737590535944,0.0558364513012115,0.0408451780164989,0.014602313766063,0.0927629920278969,6.79926288170909e-09,0.578429132412428
"TCGA-BR-8382-01",0.0313481450141185,0.00102281947236255,0.0145745566367499,0.0111376464320741,0.0821076926770476,0.0126166526670171,0.0188377909135234,0.22101770799422,0.00422726728532205,0.603109720907565
"TCGA-BR-8384-01",0.0617947604305143,0.034234323337045,0.0191344081672206,0.0145267522904023,0.0227891148809758,0.069222397236188,0.102377268109856,0.131458925961696,6.19600966928666e-09,0.544462043390092
"TCGA-BR-8483-01",0.00442990644554877,0.00183318287704082,0.0102388401828307,0.00934875976689196,0.0296214348020712,0.0129199333397266,0.0121905367767128,0.0568261413552984,1.66949131901126e-08,0.862591247758966
"TCGA-BR-8484-01",0.0739927402996367,0.0243689827957721,0.0417993769451572,0.0363187972073138,0.0563062103192248,0.0475119320477237,0.0382286722748129,0.0441165122279576,9.84750534261998e-09,0.637356766034896
"TCGA-BR-8485-01",0.0503383789266115,0.0316637235721801,0.0230495947715976,0.0119824484545333,0.038237557768441,0.0251682063232616,0.0460464090296155,0.114645777576372,8.04695113904956e-05,0.658787434065996
"TCGA-BR-8486-01",0.0411973319700554,0,0.0280161974506696,0.011613363254912,0.0439970444635614,0.049235309462905,0.0659702232824023,0.116024872497237,0.000463246829943411,0.643482410788314
"TCGA-BR-8487-01",0.0145442445755803,0.00160080893457587,0,0.0156953974705987,0.0768160058528284,0.0102623643774044,0.00977472852490149,0.0602177914388319,0.0015364321718917,0.809552226653387
"TCGA-BR-8588-01",0.047908014440037,0.0237963728345734,0.0211861698702003,0.0219903049112448,0.0351453670160903,0.037123919785142,0.0390046462476145,0.145288538201171,5.14477138273746e-09,0.628556661549155
"TCGA-BR-8589-01",0.0929641483872287,0.0971334153841867,0,0.00442236902545584,0.0604077475618591,0.0431064199436315,0.0129417755544136,0.00712307271164948,7.69194590586436e-08,0.681900974512116
"TCGA-BR-8590-01",0.0719849534301152,0.0210202107481279,0,0.027163243469671,0.0366601785450122,0.0774507463521726,0.0602990906253986,0.17645631627219,6.44112483264068e-10,0.5289652599132
"TCGA-BR-8591-01",0.0410632359506113,0.00133753287938018,0.0331466010598789,0.0191050130148168,0.121297365490503,0.0189642206557356,0.0315993895136666,0.0946256261506463,0.0017452221805035,0.637115793104258
"TCGA-BR-8592-01",0.0407630848764332,0.00834409349672885,0,0.0416182998284989,0.0190549720937101,0.0668421313667889,0.0908504972557918,0.131654126892456,2.29465893378642e-08,0.600872771243003
"TCGA-BR-8676-01",0.0430745506939301,0.0260309965886989,0.0040607102858946,0.0102297062462645,0.0136604349553357,0.0245521554166936,0.00697040566634496,0.00628464720328784,1.29790977444508e-09,0.86513639164564
"TCGA-BR-8677-01",0.053541843669235,0.060284211593644,0,0.00943155301127134,0.0687652891932627,0.0287906531475846,0.0770687695553829,0.269808039042771,1.52021547145729e-08,0.432309625584694
"TCGA-BR-8678-01",0.0205345856510553,0.0262400940450901,0.0226043622863466,0.00434916475945922,0.020907360420479,0.00326136231498634,0.0183386947388575,0.139562615899049,2.10640920200041e-08,0.744201738820585
"TCGA-BR-8679-01",0.0254448742171002,0,0.00569289096646409,0.0127417979290138,0.018392824186002,0.0336223392980531,0.031048672348734,0.133626475905013,8.16850144207577e-10,0.73943012433277
"TCGA-BR-8680-01",0.00166355714447506,0,0,0.00476238295097158,0.0261878810407915,0.0535825353615563,0.00511432836121408,0.0815579046366387,3.38571230175641e-09,0.82713140711864
"TCGA-BR-8682-01",0.0897386229008416,0.00635840540820407,0.0167864554831143,0.0179896923019676,0.0157428073747062,0.0868787825669127,0.0583118975558306,0.0658123242227216,5.38252805993995e-09,0.642381006803173
"TCGA-BR-8683-01",0.0602748155669252,0.0209770687197368,0.0384049154046657,0.0182278926511164,0.0442939413995095,0.0414498651136339,0.080186775182016,0.153728143453542,3.79467063839428e-09,0.542456578714184
"TCGA-BR-8686-01",0.051622566443758,0.0536263200273455,0.0332567887441201,0.0424256531384674,0.033233395985705,0.0727112774594139,0.0749393103059818,0.050364967591661,2.21820504073145e-09,0.587819718085342
"TCGA-BR-8687-01",0.019510232188828,3.37795788791777e-05,0.0109721542148046,0.00434091591010897,0.0126750315922756,0.0287083558784032,0.0246618041086769,0.0602339635832912,4.92256371155071e-09,0.838863758022169
"TCGA-BR-8690-01",0.0497975038300177,0.0341417466657481,0.0192423870937408,0.0135677433328631,0.0566790801982267,0.0210054514472151,0.00485510151156192,0.0720305726723129,0.00431892975229541,0.724361483496018
"TCGA-BR-A44T-01",0.0659013726911669,0.0240287905064172,0,0.33933617937212,0.00559129435163114,0.0690830654400564,0.0282046240581642,0.0306484909923544,7.76621171137758e-05,0.437128520470976
"TCGA-BR-A44U-01",0.00854568667982299,0,0,0.00678444113004166,0.0335178845519141,0.00699861880542337,0.017370700826709,0.134081536078342,0.000543656462847652,0.792157475464899
"TCGA-BR-A452-01",0.010285894386103,0.141025024552168,0,0.00772542572580504,0.0161462635280698,0.0151178208197025,0.019710440725792,0.0416174599943828,9.83112316641134e-10,0.748371669284865
"TCGA-BR-A453-01",0.0526094169407122,0.00696122212662501,0.0112789040302497,0.00397932372067587,0.0108878909693264,0.0473060343112585,0.0721374639573791,0.187313601482908,6.47816743120449e-08,0.607526077679191
"TCGA-BR-A4CR-01",0.00760536002611092,0,0,0.0176004036164866,0.0116689839233928,0.0290108359648941,0.0312733511472676,0.0284459745985326,6.8858315069739e-10,0.874395090034732
"TCGA-BR-A4CS-01",0.0123328569948629,0,0,0.00777065067512209,0.0577842857343148,0.00889775074072636,0.045224855092961,0.104208183642188,0.000351776131626954,0.763429640988198
"TCGA-BR-A4IU-01",0.0594115784522477,0.0190931728577861,0,0.0625198716399779,0.00995687721377145,0.0666263322183721,0.0597645249636039,0.121834090083461,4.78902313290561e-08,0.600793504680548
"TCGA-BR-A4IV-01",0.056514552605034,0,0,0.0110292440180902,0.0300429252163706,0.0484400277591672,0.0650758707204852,0.582124676199589,0.000300424107716268,0.206472279373547
"TCGA-BR-A4IY-01",0.0652528522385918,0.0220285298873813,0.0420614991619334,0.00430331154457063,0.139626082344067,0.0302041234127407,0.0122204938858509,0.55352288401262,0.000677518548613563,0.130102704963631
"TCGA-BR-A4IZ-01",0.12625612427876,0.00837922055422072,0,0.0119218604339434,0.0434546369729391,0.074957589697431,1.97570473932124e-08,0.735030547080101,1.12455315069224e-09,1.01005349204147e-10
"TCGA-BR-A4J1-01",0.00415986267695536,0.00894677818359922,0.0064617546859649,0.00818308437477811,0.0124528307897112,0.0109268726562764,0.0168979375796211,0.0363949641770968,3.40705582220418e-09,0.895575911468941
"TCGA-BR-A4J2-01",0.0523685315778775,0.0204726047480394,0.032392274554006,0.122701844250071,0.0483268552266636,0.0501471053897458,0.077137637155135,0.27331414731208,1.23478429907873e-08,0.323138987438539
"TCGA-BR-A4J4-01",0.0422809127843106,0.00945293503728623,0.0172205397857425,0.0142069652049717,0.0472306302087447,0.0227563372559866,0.0216884949418497,0.119648565104279,8.17931499657855e-09,0.705514611497514
"TCGA-BR-A4J5-01",0.0471938982715259,0.00489615989821976,0.0177664223424888,0.015757678731032,0.0375119155312545,0.0494866736781356,0.0597150243325134,0.281488856195732,2.76480390298521e-08,0.486183343371059
"TCGA-BR-A4J6-01",0.018071807903403,0.00240906798680498,0.01390294269883,0.014028530593719,0.0374985588734759,0.0133794680041154,0.0258523357245005,0.0477845380031308,0.000574932743068155,0.826497817468952
"TCGA-BR-A4J7-01",0.0524166649236183,0.0858653595853114,0.0116453160317895,0.0129410269389022,0.031896847017926,0.0491995614466281,0.0509451451930645,0.0743467712474049,2.13129809132859e-08,0.630743286302374
"TCGA-BR-A4J8-01",0.021933295289001,0.00235403454568739,0.0087726399448071,0.0146865044293216,0.0322126905179225,0.0247618154188465,0.0638081782760166,0.0753769574176379,0.000959555983532738,0.755134328177227
"TCGA-BR-A4J9-01",0.0237509751556743,0.000616830061036501,0,0.029357196445047,0.00898983536918789,0.0420123122150339,0.0700207353309455,0.0431797675000758,2.11275328020755e-08,0.782072326795466
"TCGA-BR-A4PD-01",0.0442725458350624,0,0.000175282446531308,0.125476449592129,0.0312227817046882,0.0395770177033353,0.0308308850782903,0.0392167136036083,0.000850550933667176,0.688377773102688
"TCGA-BR-A4PE-01",0.0481455151315742,0.00330883399485883,0.0227679609612866,0.0100379915812138,0.0607617901896186,0.0196047400867345,0.017942312471428,0.171658982981259,1.90971046473343e-05,0.645752775497379
"TCGA-BR-A4PF-01",0.0308989833379615,0.0228588414255508,0.0194433178813946,0.0111206978603611,0.0555420053609902,0.0387763683305782,0.0106745165377509,0.051719668994133,1.86438639461397e-08,0.758965581627416
"TCGA-BR-A4QI-01",0.03355857139967,0.0162902771594457,0.0134452514243795,0.00343645396732767,0.0584088771392173,0.0185018481300417,0.0107002414603469,0.0344086836714517,1.06667483065358e-11,0.811249795637453
"TCGA-BR-A4QL-01",0.00456737494408489,0.00480091993258687,0,0.00492392966737697,0.0278817329738073,0.0230108998450766,0.00454748947461062,0.0351550909273514,0.00294191264227388,0.892170649592832
"TCGA-BR-A4QM-01",0.0149419552389049,0.0235487490359589,0,0.059952636426679,0.0370343527040133,0.046034081931408,0.0186409072906993,0.0452166798527963,0.000440604291031046,0.754190033228509
"TCGA-CD-5798-01",0.0708478299143065,0.00633299518529105,0.00772399810010903,0.00328889325228747,0.0497448840287563,0.0419508529409544,0.0409714705977535,0.241840457838342,9.77271693990521e-06,0.53728884542526
"TCGA-CD-5799-01",0.00368634200887897,0,0,0.00358397434141502,0.0498401822627755,0.00547654708680078,0.0183916913988325,0.157864962245403,3.66409114987753e-06,0.761152636564744
"TCGA-CD-5800-01",0.0157280929038314,0.0180327678913247,0,0.00832617350375675,0.0345253632860123,0.0431666614881083,0.0201049666453412,0.0586816740215841,5.32972457212362e-09,0.801434294930317
"TCGA-CD-5801-01",0.0607985682120274,0.0876050298058079,0.013512688194239,0.00778560753966087,0.0465458589241526,0.0283046946719767,0.00620335024986995,0.0263581807320233,0.00285309834870887,0.720032923321533
"TCGA-CD-5803-01",0.140318119974411,0.0738806691334006,0,0.0422696305296382,0.0535429327642931,0.0509303033158017,0.0858975785165663,0.20569277390046,7.94560285648019e-09,0.347467983919826
"TCGA-CD-5804-01",0.0214028852594471,0.0076678260926581,0,0.00820146158090528,0.0650922277693269,0.0260140462851491,0.0455896980550053,0.142747263102808,0.00109014942439004,0.68219444243031
"TCGA-CD-5813-01",0.126927804631247,0.032369975194293,0,0.0364708830760056,0.0266575591948363,0.100213039534873,0.0942156828279307,0.29968440236912,0.000394096438525611,0.283066556733169
"TCGA-CD-8524-01",0.0354963567677192,0.0189378297879848,0.0236104697393472,0.00896072902367766,0.0435666386709618,0.0240845592992954,0.0375106091609202,0.145101200180235,6.11687875582438e-09,0.66273160125298
"TCGA-CD-8525-01",0.0266804934648654,0.027275000970754,0,0.0238941602604838,0.0518461158005194,0.0203298092640802,0.0246205659662283,0.0944269737841262,0.00241931721032524,0.728507563278618
"TCGA-CD-8526-01",0.0439372634889246,0.0124435768450598,0.0281797849444089,0.0232744696798218,0.0472764518134181,0.018060746090847,0.043864138612771,0.0415865316003901,1.20982361185027e-08,0.741377024826123
"TCGA-CD-8527-01",0.00754319141776583,0.0162079526096429,0.00470608475782782,0.0121878523052838,0.0250206630037097,0.0318232699335089,0.0113684983610202,0.0451489497447657,3.14144533195341e-09,0.84599353472503
"TCGA-CD-8528-01",0.0229134673042212,0,0,0.00146165228965792,0.0362458475655702,0.0495891761092463,0.0121807295487056,0.154584323821473,1.25214071962662e-08,0.723024790839718
"TCGA-CD-8529-01",0.086938465735387,0.0183578100852789,0.0436173585611629,0.0514287231016157,0.0535503056678203,0.0841875131350855,0.0746677280455493,0.122151472447021,6.95088728823876e-09,0.465100616270192
"TCGA-CD-8530-01",0.0372046329434848,0.00669027667244718,0,0.0157217176435088,0.0362878783786607,0.0513513849465569,0.107593996854321,0.080712013357735,6.11168927390237e-09,0.664438093091596
"TCGA-CD-8531-01",0.225433055185178,0,0,0.611880299186226,0.05453915992892,0,1.48958062358825e-07,0.108117494076615,1.61971525754906e-07,2.96806934723723e-05
"TCGA-CD-8532-01",0.0747148229002387,0.0239618468786039,0.0373679913573564,0.0702801280683309,0.0368530805012779,0.046945676877249,0.0248378675248412,0.0306438038808703,3.35613958355306e-09,0.654394778655092
"TCGA-CD-8533-01",0.031632547246764,0,0,0.00803338733858911,0.0129436087464643,0.0373824394790294,0.0279829225987212,0.0633497113543541,1.22012143491497e-09,0.818675382015956
"TCGA-CD-8534-01",0.0486583199193229,0.00558242601024572,0,0.018282270609791,0.0169249852229869,0.0429232084472929,0.050049441347293,0.022316507927315,9.7934432852936e-10,0.795262839536408
"TCGA-CD-8535-01",0.0120786453044149,0.00344183351194744,0.0326825237016652,0.00582067047015208,0.0179602333348834,0.0212232715332425,0.0149067246838578,0.136616695438259,1.01649085740237e-07,0.755269300372492
"TCGA-CD-8536-01",0.0342840506529833,0.0235496924170934,0,0.00297960881356372,0.0692052525758798,0.0150197040299585,0.00792239366529031,0.134184974769097,0.00212068510925645,0.710733637966878
"TCGA-CD-A486-01",0.0127944654863028,0.003121745071029,0,0.00993489550438631,0.0718300968514654,0.0185914857778378,0.0179353991750796,0.170602016064505,0.000361941215120777,0.694827954854273
"TCGA-CD-A487-01",0.00814429312345933,0.00240441944029972,0.00819927963550641,0.00645079137569111,0.0484381660386415,0.00148943297227582,0.0272092064845908,0.161949970944742,7.54300477108829e-05,0.735639009937082
"TCGA-CD-A489-01",0.0411036791540459,0.0147674987354993,0,0.0316346730194728,0.0328547975112436,0.0407191751238271,0.0506777874058741,0.0979366709063863,4.46919854327169e-09,0.690305713674452
"TCGA-CD-A48A-01",0.0118969618115606,0.00288144644059136,0.00799029878756199,0.00922205409561167,0.0204888542854395,0.0393119945689473,0.0122069283352343,0.0308654691212098,4.17644206960721e-09,0.865135988377401
"TCGA-CD-A48C-01",0.0252529511143042,0.0119737751001352,0,0.00869510917624788,0.0470157316474321,0.0115842605879438,0.0170973313974643,0.156641452804815,6.53543904982602e-08,0.721739322817267
"TCGA-CD-A4MG-01",0.0291111520769368,0,0,0.0247262253193303,0.0483882561465,0.0329379767390368,0.0229351716948438,0.255739494313521,9.29744914664665e-05,0.586068749218364
"TCGA-CD-A4MH-01",0.0188801642241837,0.0100457717385927,0,0.0141058686312065,0.0999715352468922,0,0.0133408356817166,0.051161987659927,2.30963542429045e-08,0.792493813721127
"TCGA-CD-A4MI-01",0.064808798931075,0.0439270247894178,0,0.0339306534850369,0.0665246419900245,0.051430590094458,0.0256762008276818,0.199998610560387,0.00441451428987743,0.509288965032041
"TCGA-CD-A4MJ-01",0.0129862414901042,0.00216471725069606,0.020913855021817,0.00404906976555946,0.073951991341786,0.0070304139066065,0.0153610737439665,0.236261024107387,0.000873122823848759,0.626408490548229
"TCGA-CG-4301-01",0.0539112276489894,0.000357021188473701,0.02188582417437,0.0149072278277471,0.0473530544283486,0.0529858945359609,0.0317035987709306,0.0740752035601865,5.18194113388719e-10,0.702820947346799
"TCGA-CG-4304-01",0.0403351173192153,0.00727892974554472,0.0348272744903712,0.0276509713352218,0.0564895370365056,0.0648321701352951,0.036795506624601,0.154265949092182,4.04628360326506e-09,0.57752454017478
"TCGA-CG-4305-01",0.0866883426942596,0.0266969285832945,0,0.0188088423340298,0.0681867361469987,0.0743749206544008,0.0199651722159757,0.110496567998606,0.000130658280268008,0.594651831092167
"TCGA-CG-4306-01",0.0450959873658255,0.00818482468479433,0,0.0169134084990969,0.0702791373786132,0.0397076068572697,0.0217967816737863,0.092313760754084,9.19322242868142e-09,0.705708483593308
"TCGA-CG-4436-01",0.0267833031699011,0.00482571685045,0.00628507948605329,0.00597810925510832,0.0718368284418736,0.0185399253068495,0.0128800506744993,0.0134740836917047,1.49342763070321e-10,0.839396902974217
"TCGA-CG-4437-01",0.0584167539705425,0.0212735460825708,0,0.0156650388268912,0.0938210325688478,0.0370836179386013,0.0132189010312971,0.107812868590457,0.00320604470489222,0.6495021962859
"TCGA-CG-4438-01",0.0502679695660498,0.0115802194482035,0.0230458782910176,0.0120701691465955,0.0459527234426535,0.049230945368493,0.0111595535684526,0.0191314788030587,0.00252381505718889,0.775037247308287
"TCGA-CG-4440-01",0.0240116501522024,0.00277329000739823,0,0.00617569387577476,0.0296595513599313,0.0299284512210879,0.0168587393371244,0.0346443780667023,0.00227203348304528,0.853676212496733
"TCGA-CG-4441-01",0.0142955010914769,0.00324246301581381,0,0.010385668888825,0.08248769926029,0.0247166140255545,0.0359670690066832,0.195746274751727,0.000559007099710084,0.63259970285992
"TCGA-CG-4442-01",0.0133894453385315,0,0.0132537841768382,0.0057851399611047,0.045198277519172,0.0117265662757988,0.015058127884117,0.0707082340907896,6.4795210734055e-09,0.824880418274127
"TCGA-CG-4443-01",0.00526204743708325,0,0.0671488003546516,0.00954114567257385,0.0100865423514946,0.0341654486847729,0.0476732632940402,0.0286379892745551,1.40485428236548e-10,0.797484762790343
"TCGA-CG-4444-01",0.0511599610366842,0.00354450335787969,0.0200560351336498,0.019101743359513,0.0264485690775837,0.0513211597023161,0.0336874149224689,0.0368641717643397,2.00252356386045e-09,0.757816439643041
"TCGA-CG-4449-01",0.0612306432013977,0.00101391026885711,0.0265756137023079,0.00768540370958789,0.0529629178460354,0.0630458674823667,0.0544946385955469,0.132199309167022,6.8505896658129e-09,0.600791689176288
"TCGA-CG-4460-01",0.0271525121890505,0.0169638062933791,0.013935971386078,0.0119789180276615,0.0209539639072576,0.0406503747317954,0.025602818684126,0.0227287537617386,2.25519595027732e-10,0.820032880793394
"TCGA-CG-4462-01",0.125220144653427,0.00229779272751645,0.027615412860299,0.0144799564812249,0.067808757212327,0.1188553010684,0.0893284614687506,0.307062122428147,9.47508167941476e-08,0.247331956349092
"TCGA-CG-4465-01",0.0390775383393366,0,0.0155693801020316,0.00257701657459471,0.101999966756227,0.0593610406103578,0.0178012999153713,0.103357271804547,0.00180761453248532,0.658448871365049
"TCGA-CG-4466-01",0.0040080577528431,0,0,0.00544943489363372,0.129901775762003,0,0.0148811269631552,0.0141349888940962,0.00127976342273222,0.830344852311537
"TCGA-CG-4469-01",0.0383105008549339,0,0.0142995393746827,0.00738849298497195,0.0374276556254712,0.0432153621105238,0.0254726749827436,0.0376188740092836,2.77176038259844e-09,0.796266897285629
"TCGA-CG-4472-01",0.136626009412934,0.00842537739582048,0.0168607828748886,0.0200381635904464,0.0323442653647957,0.0934455121799725,0.0299028498164678,0.0637265783969908,2.65325236187596e-10,0.598630460702359
"TCGA-CG-4474-01",0.0509152925018868,0.00769697026497344,0.0296389471041849,0.0276391811513124,0.0710463346129686,0.109593413661599,0.0156410846909526,0.0950895518447755,2.21790591146249e-09,0.592739221949441
"TCGA-CG-4475-01",0.0339673268912716,0,0,0.00396812894874858,0.0919800518959972,0.0299164044379199,0.0592623036341259,0.122186570818115,1.34203769567567e-09,0.658719212031784
"TCGA-CG-4476-01",0.0960191000161882,0.0118030108082266,0.0217562572345404,0.0247144816576541,0.0182479195214553,0.0880202618963746,0.0370125163807255,0.095498257034266,1.17405362316509e-08,0.606928183710033
"TCGA-CG-4477-01",0.0780764328422644,0.0152200606633175,0.054642800174149,0.022485360045507,0.0543525609133925,0.0467728462046897,0.0444815139154481,0.0341141581524295,0.00101872901401154,0.648835538074791
"TCGA-CG-5716-01",0.0410517110904944,0.00735045878339872,0,0.0523047470593199,0.0165003917809745,0.0358825609826665,0.0392286219325334,0.0155190599178568,1.7546964025533e-05,0.79214490148873
"TCGA-CG-5717-01",0.0740270834033543,0.011826431492058,0.0198022189712184,0.0253254664172644,0.0290341874805988,0.0338923282381806,0.0608513537778593,0.0150258060399645,3.20897509064271e-09,0.730215120970527
"TCGA-CG-5718-01",0.0156689191523494,0.00739343014962457,0,0.00460884915752244,0.094887255467484,0.057989325477607,0.0332723037057581,0.0604807427926129,0.00261604611172734,0.723083127985314
"TCGA-CG-5719-01",0.0344426828306166,0.00110575910980494,0.0149114350514394,0.017833740723617,0.0442009226608535,0.0438330839624684,0.0940184919724724,0.334325045085911,0.00144905242289671,0.41387978617992
"TCGA-CG-5720-01",0.0562009540632745,0.00534144844251196,0.0290163117246261,0.0147761881166063,0.0442150172638222,0.0529207050898314,0.0540465834477228,0.0411060948247623,2.09839120939522e-09,0.702376694928451
"TCGA-CG-5721-01",0.108608664593969,0.0589899767071238,0.0319759275086146,0.0414030638017865,0.110630480062276,0.0531733966437649,0.0167164046951516,0.0462095417241379,0.0146555425470992,0.517637001716076
"TCGA-CG-5722-01",0.0983898432564182,0.0386327115101092,0.0280313405025203,0.193117511761319,0.0231973831956215,0.0225062216739716,0.0313271830810248,0.0179876497865335,0.0121515557610544,0.534658599471427
"TCGA-CG-5723-01",0.090067013936748,0.0354398867571296,0,0.0101696497800319,0.1675758384988,0.00905061379011132,0.010272468722675,0.0329508255920207,0.0054964368260156,0.638977266096468
"TCGA-CG-5724-01",0.0510343005761658,0.00580168991823279,0,0.00758499028997183,0.0630443788220465,0.00904336840223699,0.0170493297791119,0.131495790611426,0.000354768052142615,0.714591383548665
"TCGA-CG-5725-01",0.0208849255918418,0.210820872242118,0,0,0.00623591955683543,0.0196143216028889,0.0305570921612779,0.0269887652831327,2.90984039014059e-09,0.684898100652065
"TCGA-CG-5726-01",0.0109265126596439,0,0.00215774594559292,0.00639148151457821,0.0415844822946941,0.0189674411156947,0.0139595964301701,0.0157423394942493,5.07118571343696e-10,0.890270400038258
"TCGA-CG-5732-01",0.047347925970223,0.0175718393986681,0.0185765989614884,0.0391685716425532,0.0413955068767343,0.0216863170734713,0.0230062221605879,0.0119472377219774,3.05517342355684e-09,0.779299777139123
"TCGA-CG-5734-01",0.0713282727220335,0.0109978747432326,0.0313521460035435,0.0306930439365348,0.063219951086226,0.0364435843478184,0.0374128224844224,0.0265681235498433,0.00368720458431663,0.688296976542029
"TCGA-D7-5577-01",0.0802138819020184,0.0387978122278173,0,0.00589655810950352,0.0551059367348847,0.0491260672504143,0.00792085127168137,0.0320795249591788,0.00589356445517646,0.724965803089325
"TCGA-D7-5578-01",0.0396079968184327,0.0101116197922024,0.0193385246121831,0.0248844379462569,0.0395490399172596,0.0544626255997862,0.0491270468517121,0.0581397185525183,0.00135529881049252,0.703423691099156
"TCGA-D7-6518-01",0.0513722430809527,0.00281156158097898,0.0218958453395317,0.0156830732541663,0.0347983528318744,0.0482525438457309,0.100498566644764,0.112889115061063,0.00144823317470305,0.610350465186235
"TCGA-D7-6519-01",0.0249616945926379,0.0117897944994803,0.0117194297306773,0.00912644537636543,0.028840786284649,0.024931437256125,0.0146999512518624,0.0848929022506064,0.00266505812417807,0.786372500633418
"TCGA-D7-6520-01",0.0189766082496762,0,0.017254839353277,0.0103274155685976,0.0509828852866231,0.0298167991654632,0.0250609514752975,0.155456540694997,4.47943635870845e-08,0.692123915411705
"TCGA-D7-6521-01",0.0385986800213127,0.0211163146851371,0.018594600025965,0.0282052325113696,0.0387386340788156,0.0487982958160876,0.0500524662547924,0.147418756466419,3.03891200945992e-08,0.608476989750981
"TCGA-D7-6522-01",0.187784031771796,0.0354209721922335,0.0439605131387058,0.10965255420014,0.0440146661778077,0.0934606587193527,0.0771713957380381,0.166357419735247,0.000250511546282514,0.241927276780397
"TCGA-D7-6524-01",0.0677683181459833,0.00220329828952957,0.0191262855051605,0.0103528207158414,0.0988234751668049,0.0286940817298472,0.0875115591373132,0.284027698386147,3.65194374594584e-05,0.401455943485913
"TCGA-D7-6525-01",0.0487254996425228,0.00382309451211631,0.00648311778866616,0.00548182870258138,0.0584066764507551,0.0190499090110482,0.0121937140296159,0.127918994086693,0.00151175935602481,0.716405406419977
"TCGA-D7-6526-01",0.0136571453948424,0.000221191061573737,0.00799726927608646,0.00963431303089026,0.0186710517841335,0.0231156823642141,0.0251706092537247,0.0391992962798474,3.27367308693943e-10,0.86233344122732
"TCGA-D7-6527-01",0.025143590393222,0.00240184872686931,0.0112932226792401,0.00622031313751054,0.0219698779242346,0.0254168312024943,0.0360079747261699,0.0248908355165157,1.5111540028174e-09,0.84665550418259
"TCGA-D7-6528-01",0,0,0.00683188982138884,0.00707671029208421,0.0321594297851855,0.00377257723166431,0.0188266796257476,0.0723979685965345,0.000931808810271428,0.858002935837124
"TCGA-D7-6815-01",0.022280306979752,0.00399868783968387,0.0151157299260313,0.0109684587522931,0.0204906272461496,0.0612586897164652,0.0249723939277608,0.118732221774828,1.29591186914436e-08,0.722182870877918
"TCGA-D7-6817-01",0.0457563954040647,0.00511840163035265,0.0159109461566883,0.0455729638261662,0.031009286015619,0.0299017989999181,0.0389523388707916,0.0396708183929005,2.62906130501805e-10,0.748107050440593
"TCGA-D7-6818-01",0.0616360346900321,0,0,0.00760572208712493,0.0322363948515353,0.0898672510378409,0.0613925029848903,0.346292592667339,3.05594274584121e-05,0.400938942253779
"TCGA-D7-6820-01",0.0400078813093202,0.000274770663219141,0,0,0.0733625524303979,0.0118419430942876,0.0348591779124983,0.0319103504332715,9.89371041236155e-09,0.807743314263295
"TCGA-D7-6822-01",0.0392352236250586,0.0789119975618209,0,0.00263104792236712,0.0234764824411172,0.0238869047463078,0.0257929000437556,0.0672648715421731,1.00535278149063e-08,0.738800562063872
"TCGA-D7-8570-01",0.146543912297899,0.0177455622068012,0.0386517270030653,0.0242963961759909,0.0806871083636378,0.0723937986987808,0.00979454013904101,0.130601291352314,0.00608623584178134,0.473199427920689
"TCGA-D7-8572-01",0.0437088275986161,0.0215452272876654,0,0.00951306808094331,0.0891801516084014,0.0379102932636639,0.0329670975201933,0.350030162847591,8.1464226645696e-07,0.41514435715066
"TCGA-D7-8573-01",0.0102396776157155,0.000521850372846178,0.0128645616554122,0.00587849033945896,0.0374240572829379,0.00464568698469724,0.0162849456766966,0.032463147968061,2.3505500387483e-09,0.879677579753624
"TCGA-D7-8574-01",0.0829115978464864,0.0554070296963798,0,0.174155898284467,0.0140795874738238,0.0931514941576299,0.0643409674564083,0.247996811728154,2.20703475156334e-09,0.267956611149616
"TCGA-D7-8575-01",0.0689581817677509,0.00528977394668941,0.017924701087123,0.028392363396618,0.0348368927222207,0.070478386375585,0.0236361469895143,0.019399443266688,2.8086425832394e-10,0.731084110166946
"TCGA-D7-8576-01",0.0364399106944755,0,0,0.0162026350047097,0.0167647736958474,0.0513812284878123,0.0563119354561655,0.0523583435198686,9.79620500868617e-10,0.7705411721615
"TCGA-D7-8578-01",0.0236590569076926,0.015913378286424,0.0164762633214084,0.026320293494631,0.089861362411458,0.0121113280242096,0.0291132604011432,0.473920276709166,9.66347562775167e-07,0.312623814096305
"TCGA-D7-8579-01",0.0729636912655588,0.0046828977016779,0,0.0192640769908951,0.0333688610859466,0.0494824040442124,0.0799389651091756,0.0915302193326876,3.28344969741687e-09,0.648768881186396
"TCGA-D7-A4YT-01",0.0159869410556754,0,0,0.0099057751070396,0.072199197342872,0.00972565356146065,0.026647121815252,0.0890794180870609,4.5722498977368e-09,0.77645588845839
"TCGA-D7-A4YU-01",0.0915127175009485,0.0340183510405166,0,0.0537068317642688,0.0530241413394378,0.0662607219933632,0.039221869004407,0.0416441254635583,0.00205638288680043,0.618554859006699
"TCGA-D7-A4YV-01",0.0732269297981724,0.070543733943744,0,0.0268714571299826,0.0318331976934011,0.0566649952669501,0.0451175064771206,0.0739456563822549,9.11013673832714e-10,0.621796522397361
"TCGA-D7-A4YX-01",0.0422403325380987,0.0301157805765001,0.0173409342377963,0.0166243293268567,0.114216142037387,0.0111343375519814,0.0129280360177361,0.0330848222237269,0.00078885753111938,0.721526427958797
"TCGA-D7-A4YY-01",0.0338193011907718,0.00908873232281584,0.0171525564498433,0.0615864808118409,0.0621366249464841,0.0458227109307143,0.00710768693427644,0.149302404160877,1.42312906798721e-07,0.613983359939469
"TCGA-D7-A4Z0-01",0.0611949500852908,0.00314214566133165,0,0.0458999430005367,0.0690595454299221,0.0553947804255151,0.127810634842523,0.0496878781816118,1.637263097802e-07,0.587809958646959
"TCGA-D7-A6EV-01",0.0175417925458666,0,0.0111923409016316,0.00881473825465013,0.0806185136443653,0.00841425208709184,0.0133902476924978,0.0672032184603619,1.03409840671441e-08,0.792824886072551
"TCGA-D7-A6EX-01",0.0139058890270582,0,0.0445505393982556,0.00893019187244384,0,0.0122090922341357,0.052912946899009,0.0609278422597702,6.51103809562662e-08,0.806563433198947
"TCGA-D7-A6EY-01",0.0596173004616052,0.0248980549533638,0.034848190060359,0.0667306150694443,0.0973370746384011,0.0221682962545212,0.0292906995337214,0.0590211282083559,0.00067327423358697,0.605415366586641
"TCGA-D7-A6EZ-01",0.0811269059515356,0.0233596524709903,0.0300732242665265,0.00497312053640891,0.0945893216272619,0.0233900065231033,0.0164311221061522,0.0959331684611573,0.00324269842983724,0.626880779627027
"TCGA-D7-A6F0-01",0.0515159831652977,0.0188510633859249,0.0147540426624134,0.00890760150943181,0.0175841624727078,0.0340993954273089,0.0260994720816282,0.0369989907888478,0.00110232329752179,0.790086965208918
"TCGA-D7-A6F2-01",0.041929752443972,0.0165020225740638,0.0199626447900624,0.0112181750312921,0.0174310395392029,0.0441120404974783,0.0259168577989883,0.058168112577762,0.00110110842051073,0.763658246326667
"TCGA-D7-A747-01",0.0408030252367948,0.0121456901753246,0.0181592540924748,0.0494077403781618,0.0168352168446481,0.0512336119456916,0.0345391369969362,0.073599845090751,1.2373745715666e-09,0.703276478001843
"TCGA-D7-A748-01",0.0792747081712208,0.000628823105716176,0.0174808778362288,0.0117231925162931,0.0438595855141224,0.11857630796872,0.0170717845724627,0.319880224062917,0.000181274795692791,0.391323221456626
"TCGA-D7-A74A-01",0.0227143014250494,0.00400627204549925,0.00708446183688247,0.00721749952354395,0.0118496035614241,0.0169351594639395,0.00789439797957008,0.00580443276863719,1.87098771489107e-11,0.916493871376744
"TCGA-EQ-8122-01",0.0162172257987912,0,0,0.00547200642053141,0.0410810231406893,0.0273819158426838,0.0534304381589493,0.10118439783947,1.12598773417462e-09,0.755232991672897
"TCGA-EQ-A4SO-01",0.00523870596200983,0,0.00459153439448997,0.0136905248597619,0.0198187854108899,0.0232607417673059,0.0181695691267782,0.0137180914772732,1.48585012757554e-11,0.901512046986633
"TCGA-F1-6177-01",0.0361056143524762,0,0.010209932016525,0.00578947224060124,0.0555646296239277,0.02967602154224,0.0141459179355573,0.0609740622702171,0.00014398837165953,0.787390361646796
"TCGA-F1-6874-01",0.029748453358007,0.0107556916518001,0.0275791229337243,0.0100640314290713,0.0919829769947599,0.0254383257440901,0.0838642530277501,0.177262357025332,0.00114041812296441,0.5421643697125
"TCGA-F1-6875-01",0.000849775053920414,0.0302891363173959,0.123558993616807,0,0.0266717635183826,0.0079752931312926,0.0277889511824717,0.0539174520236298,2.52472111603461e-08,0.728948609908889
"TCGA-F1-A448-01",0.0589330173806532,0.00377048692633913,0.0301027213925074,0.0302880078854366,0.103943502822644,0.0252660584909559,0.0585172194027183,0.102959294328218,2.52962050394755e-05,0.586194395165489
"TCGA-F1-A72C-01",0.0148661235371576,0.00819767639048966,0.0165741073087494,0.0173514936144241,0.0881076271810626,0.0154874215174971,0.02055985686235,0.170177411280632,0.00214285692191006,0.646535425385727
"TCGA-FP-7735-01",0.0200685584126191,0.00546031748132415,0,0.0318333819413132,0.019486396430294,0.0373275984255306,0.0555837849235029,0.0445345164624228,8.11598326676317e-11,0.785705445841833
"TCGA-FP-7829-01",0.0417835259088684,0,0,0.0045137178332894,0.0350930050086931,0.0331035864007783,0.0338493668962739,0.197445021412512,1.25820661767129e-07,0.654211650718923
"TCGA-FP-7916-01",0.072420599972831,0.056059360306861,0,0.0418733717079644,0.0764014542824631,0.0696816903091211,0.0443260129898035,0.0692916126544146,0.0019472771257334,0.567998620650808
"TCGA-FP-7998-01",0.122658756945182,0.146060660703919,0.0406400438615677,0.0247423483359855,0.0821380622877374,0.0848953487861346,0.0478636625825239,0.0630178900758259,7.96373913171243e-09,0.387983218457384
"TCGA-FP-8099-01",0.0129239027711844,0,0.0218858880583495,0.01228962592472,0.0731941898421265,0.0273181860366123,0.0216150319728075,0.147340604100925,9.09282439456266e-09,0.68343256220045
"TCGA-FP-8209-01",0.126904760671742,0.0483481985168517,0,0.102123075092457,0.0213868189586373,0.0918483986535987,0.0989178195405903,0.118558387122576,3.6687593712571e-09,0.391912537774787
"TCGA-FP-8210-01",0.134290500958887,0.0404290770597573,0,0.100869713718432,0.0221096022717101,0.0692393644080303,0.0910146198867881,0.194298019751956,7.90618232611726e-09,0.347749094038256
"TCGA-FP-8211-01",0.0165569284065585,0.0175465462499084,0,0.0143488922464563,0.0800595638788001,0.00367153314828584,0.0213225336678305,0.0255288526786165,1.90288098993909e-09,0.820965147820663
"TCGA-FP-8631-01",0.00609609954256001,0,0,0.0198438077416702,0.083644956832066,0.00446040020122439,0.0285107479959066,0.114723661239646,4.23121693212023e-08,0.742720284134757
"TCGA-FP-A4BE-01",0.0586372704445426,0.022836525828904,0.043191779307602,0.00945945561975436,0.0687899970436066,0.0690955261897653,0.0125850643338799,0.0532097547342226,0.000519303190552475,0.66167532330717
"TCGA-FP-A4BF-01",0.0801087241069076,0.0412313838097413,0.0401142094284325,0.0125132360895538,0.0497814285277199,0.0894630540678911,0.00879723322007865,0.226550352060186,0.0279155367368232,0.423524841952666
"TCGA-FP-A8CX-01",0.0249688016783186,0.00352131192416549,0.0115239042869221,0.013398232784233,0.0235038351778712,0.0304942001721079,0.0302490552689157,0.0302717647456425,9.65560792330876e-10,0.832068892996263
"TCGA-FP-A9TM-01",0.0372878124183204,0.00483431100250929,0.0256870492812665,0.145518273706646,0.0301108857048784,0.0317255872938145,0.0299444521006895,0.014205619731322,8.71224771438378e-11,0.680686008673431
"TCGA-HF-7131-01",0.0243321423933315,0.00784829260145891,0.0199639220782326,0.0182381947642081,0.0305552055430644,0.0306938340146505,0.052624865818786,0.0446207418794945,1.98760025676114e-10,0.771122800708014
"TCGA-HF-7132-01",0.0656322663412894,0.0213884447639761,0.0364284683909697,0.0316109138897641,0.0508462912263328,0.0534099181656841,0.0315559781837901,0.0645516718691483,1.06504782139989e-09,0.644576046103998
"TCGA-HF-7133-01",0.0850604270180126,0.0156255916274139,0.0204362631162667,0.0154214180433735,0.0451773360081558,0.0364718059964316,0.0332131481663651,0.0462195634635404,1.43092014258964e-10,0.702374446417348
"TCGA-HF-7134-01",0.0127767632136735,0,0.0123884851928808,0.0152323766603644,0.062313781661006,0.0404053785253219,0.067829568616831,0.0385711809615373,2.30106684587494e-08,0.750482442157717
"TCGA-HF-7136-01",0.0158407747232799,0.00440364604822047,0.0205903579109476,0.00692052796341037,0.0430643309846972,0.0277513552748424,0.0271416579080701,0.154344659193528,1.12356332931151e-09,0.699942688869441
"TCGA-HF-A5NB-01",0.00719379481834678,0.00704339072143239,0.00600220584747776,0.0109788865209207,0.0540895947614955,0.024153730008383,0.00970158525361424,0.0361544203789767,2.60904844992046e-09,0.844682389080304
"TCGA-HJ-7597-01",0.00937325089033841,0.0325476172985731,0.0166963053364788,0.0214612526940242,0.0992285422156178,0.0102839510375127,0.0275246645367318,0.0422289558152982,0.00331597298422996,0.737339487191195
"TCGA-HU-8238-01",0.0261150001107678,0.00564451814848112,0.0167636454459511,0.0192451276550009,0.037586094989737,0.0400135908381049,0.0413126069170463,0.0265737402807149,1.98636977734264e-11,0.786745675594332
"TCGA-HU-8243-01",0.0128795999684442,0,0,0.0144060618754176,0.0894259151942865,0.00405207116229695,0.0369153272089704,0.0364713557148254,2.36863305481763e-09,0.805849666507126
"TCGA-HU-8244-01",0.00266000869211854,0,0.00143206117993975,0.0089935551580161,0.0109843415095527,0.0304293942066837,0.0161187398860006,0.0041250050264816,3.01056141037799e-11,0.925256894311101
"TCGA-HU-8249-01",0.0178196508846355,0.0110459851665834,0,0.00715450077677719,0.0324165214593725,0.0525348781349719,0.0313660613168281,0.0462164966259968,0.00279741086154722,0.798648494773287
"TCGA-HU-8602-01",0.0682458182468453,0.00940474661311896,0.0378061559967344,0.00456635576425745,0.131532628966098,0.0107969744853348,0.0331296279175005,0.0727566714323656,0.000462940096878011,0.631298080480867
"TCGA-HU-8604-01",0.0442393241720979,0.0385725918783899,0,0.0107109789692524,0.0571225453285848,0.0442066081394644,0.0315925094135782,0.139051107472002,0.0102114553821306,0.6242928792445
"TCGA-HU-8608-01",0.103523607533374,0.0626515521987505,0.0721713128931432,0.0230070042901055,0.159494970256621,0.028614231564064,0.0436188194720236,0.0526042775417645,0.000662075461625401,0.453652148788528
"TCGA-HU-8610-01",0.0907156531405836,0.000494249963339512,0.0753182109256655,0.0122242975985787,0.112663908013243,0.0137827040476069,0.081645719795471,0.114405714849543,0.0022920159819017,0.496457525684067
"TCGA-HU-A4G2-01",0.0266642444600551,0.0124209571817772,0,0.0102961522324159,0.0232017526927563,0.0231741174995918,0.0587474488792185,0.0459764436861349,8.22090316869135e-05,0.799436674336363
"TCGA-HU-A4G3-01",0.0115671369058736,0,0.00618783699154653,0.0126539680731125,0.0361677241901991,0.0257706598646185,0.03590499504362,0.0362321132765284,1.02805879832013e-09,0.835515564626443
"TCGA-HU-A4G6-01",0.00358038222434666,0,0,0.00656631119538208,0.0532443377065037,0.00243953184601197,0.0134885769288589,0.00640510094705128,7.41493204325034e-10,0.914275758410352
"TCGA-HU-A4G8-01",0.0416774422103434,0.00951172283449878,0,0.0330392621753073,0.0562063032903566,0.0147191328453484,0.0229800448450813,0.0560161701773585,1.27816955956343e-08,0.76584990884001
"TCGA-HU-A4G9-01",0.000269951318494001,0,0,0.0135566634284377,0.0511224129919238,0.0168842577825495,0.011997001243009,0.00628496020396625,8.65566015616322e-11,0.899884752945063
"TCGA-HU-A4GC-01",0.0205607565758398,0.00829016616177279,0,0.0117752262123223,0.0247298908806933,0.0178088559841601,0.0279128673729439,0.0615251598756399,1.06733202413591e-08,0.827397066263308
"TCGA-HU-A4GD-01",0.00761783319198678,0.00912794782974608,0.01281549955697,0.00826382125656108,0.0526862834019539,0.01031636314576,0.0132075434591548,0.0123503027353577,9.51043410460677e-10,0.873614404471466
"TCGA-HU-A4GF-01",0.0188731421508743,0.0105862201275967,0.0212775677890028,0.0101278100680712,0.0495464964802417,0.0350644147647941,0.0494778675523159,0.0266991663748941,3.01507615568851e-09,0.778347311677133
"TCGA-HU-A4GH-01",0.0191138909131508,0.00160199895465669,0.0102226402981176,0.00869263114655288,0.0534175216252652,0.0286592189868121,0.0175684867466288,0.00778417485459597,6.0535692696765e-10,0.852939435868863
"TCGA-HU-A4GJ-01",0.0930620053287669,0.0516846719192599,0.0706639798284103,0.328500642419362,0.0116145039079095,0.0644588124080223,0.0449498106641668,0.0213116719505154,2.20992166335402e-08,0.313753879474371
"TCGA-HU-A4GN-01",0.0111700461899985,0.011955737100035,0.0170874628287993,0.009127654876872,0.0762653491406527,0.0112203741080358,0.018960003294439,0.0649443528414211,0.000707228426275864,0.778561791193471
"TCGA-HU-A4GP-01",0.0161098377696766,0.0019325148489885,0.00917739422113778,0.0170422457891973,0.0178761053025024,0.0237674016664012,0.0515687389524669,0.0237572063936272,9.65882032112087e-10,0.83876855409012
"TCGA-HU-A4GQ-01",0.0276843911812308,0.00593158288547001,0,0.00359635310861133,0.0465980976478769,0.0350624663383297,0.0145972412800966,0.0952104871423457,0.00094211538590014,0.770377265030139
"TCGA-HU-A4GT-01",0.0177829354373156,0.001199955516158,0.00775804953525744,0.00513732872749687,0.0440237349815436,0.0195890040454552,0.0128746778575883,0.02618270361703,6.72800480536134e-10,0.865451609609355
"TCGA-HU-A4GU-01",0.00713334679975196,0,0.0209138034497034,0.00339485069820742,0.0575728243155405,0.0230905535182339,0.00996126132471949,0.0964608472603886,0.000563817619210013,0.780908695014245
"TCGA-HU-A4GX-01",0.012638508080697,0.0580278223891649,0,0.0149060377620894,0.0218252351315141,0.0372289988798653,0.0152766415723271,0.0189497550805684,0.000448161740282419,0.820698839363492
"TCGA-HU-A4GY-01",0.186080643211641,0.0374761704014153,0.0518173096089625,0.113969252338775,0.0211541402530258,0.0991516789927125,0.0620292982900112,0.162169929080399,3.40061473238044e-10,0.266151577482997
"TCGA-HU-A4H0-01",0.0454534952693468,0.0302822475784611,0,0.00836428797075679,0.0576113196823308,0.038222294408749,0.024435793286339,0.0200766591879226,2.12396401975009e-10,0.775553902403697
"TCGA-HU-A4H2-01",0.0189177792360217,0.0149681305760577,0,0.0131548447924428,0.0364712839473071,0.0166472890106136,0.0127542224110404,0.0363793141536705,2.05291902893585e-09,0.850707133819927
"TCGA-HU-A4H3-01",0.0110686586525007,0.0110452807501334,0,0.00438470555421421,0.101879632094416,0,0.012073057632104,0.0602312411123052,0.00274043146411415,0.796576992740212
"TCGA-HU-A4H4-01",0.0490725393940852,0.0278581672747675,0,0.0150793420325296,0.0608673487579551,0.0115119709398185,0.0299963308305283,0.0437111895262295,0.00284954201374461,0.759053569230342
"TCGA-HU-A4H5-01",0.0127103206097655,0,0,0.00552957843453041,0.0295677353001169,0.0103689004414612,0.0262593446961054,0.040017188499197,0.000133121008528842,0.875413811010295
"TCGA-HU-A4H6-01",0.0203052239509183,0.00357878376719795,0.0119146256475731,0.0488257285245834,0.0502394143280274,0.0138237506442791,0.0513563191688695,0.0210064533440459,0.000234857105030458,0.778714843519475
"TCGA-HU-A4H8-01",0.0198277791799562,0.00123363555456253,0.0173822345682263,0.017052199086081,0.032682182193609,0.0247373969534909,0.0270919854485618,0.010300350914223,5.2554704187381e-11,0.849692236048735
"TCGA-HU-A4HB-01",0.0777969239620835,0.0208286483255486,0,0.159187251925487,0.0202468939052706,0.0680053662937348,0.0346631918550643,0.0198440096771951,1.38496757744223e-09,0.599427712670648
"TCGA-HU-A4HD-01",0.0235251187778593,0.0148185663644004,0.0170591846064337,0.00701613312519304,0.0277680282730879,0.0283076002640416,0.0324345917348509,0.0640243837022014,2.8337307931102e-10,0.785046392868559
"TCGA-IN-7806-01",0.0186792981519502,0,0,0.0220706468402756,0.0178845509337023,0.0357025910364608,0.0275784138923945,0.0177731696335963,7.50431927489221e-10,0.860311328761188
"TCGA-IN-7808-01",0.0962856623687283,0.047053118965033,0.04254546568539,0.181309843698257,0.0148512347356859,0.0436784038679995,0.0261635089130205,0.0201900298715497,5.60846344268786e-09,0.527922726285873
"TCGA-IN-8462-01",0.0231552382884476,0.00190345210926531,0,0.0118119397340136,0.0268187187438095,0.023203175694492,0.0416112330634306,0.0203718125771754,3.2078536985732e-09,0.851124426581512
"TCGA-IN-8663-01",0.0193679267375434,0.00174215369634993,0.033056936254884,0.00700689931696915,0.0555775384677023,0.00493487191047202,0.0299670091377508,0.0724202420538932,1.30983744338666e-10,0.775926422293451
"TCGA-IN-A6RI-01",0.00672294349417277,0,0.00617619501306626,0.00167260432048223,0.038954268108011,0.0103845604642848,0.0188039841904266,0.00931659436266526,5.21844173640497e-10,0.907968849525047
"TCGA-IN-A6RJ-01",0.0191184015395001,0.000650023500920579,0,0.0079676675609947,0.0151234751347139,0.0156190722514809,0.0366325440254078,0.0036730881352314,0.00164370397818435,0.899572023873566
"TCGA-IN-A6RL-01",0.024746802663027,0.00278598737777202,0.0103954150130167,0.0161522270566389,0.0234824589025985,0.0295295248390356,0.0292056034735827,0.0153932595301991,7.5686088993097e-11,0.848308721068443
"TCGA-IN-A6RN-01",0.00699482848219285,0.00128455656598433,0.0189346078991598,0.0100164556416784,0.0903530957317664,0.0011323236760247,0.0249425822848319,0.0178892691126017,8.27786164529343e-10,0.828452279777974
"TCGA-IN-A6RO-01",0.012804251287751,0,0.00872125565844843,0.00127800741050133,0.0494374102741494,0.0224742313788676,0.0139682140841794,0.0120773412172566,4.73201919496197e-09,0.879239283956827
"TCGA-IN-A6RR-01",0.011749228350754,0.00643488046850009,0,0.01579773862212,0.0633728343722797,0.00784363573959733,0.0357588548782942,0.0120172820848834,1.35168339412847e-09,0.847025544131888
"TCGA-IN-A6RS-01",0.0324781259403158,0.0132629062238614,0.0157329037358181,0.00612622655950176,0.0692496658304567,0.00305162134176144,0.0272084077262845,0.0328005641857779,0.00384778049587225,0.79624179796035
"TCGA-IN-A7NR-01",0.0324060511694597,0.00926715426391335,0.0115180577670622,0.02579725066087,0.0246721048724211,0.0259578942148195,0.0386630889143847,0.0223046682467741,5.12421459672916e-09,0.809413724766081
"TCGA-IN-A7NT-01",0.0132205408304013,0.00223026791108604,0,0.00262792675064439,0.142872470375358,0,0.012453936082284,0.110892188747761,0.000188614706647113,0.715514054595818
"TCGA-IN-A7NU-01",0.0575995347084894,0.0066168081047589,0.0218397818779457,0.0060280252104277,0.0648788767963114,0.022417499862064,0.0319815830365282,0.07079217392625,0.00134126409833428,0.716504452378891
"TCGA-IN-AB1V-01",0.0164549560739918,0.0034164658127799,0.0147253221022522,0.0211202089211315,0.0174505637116158,0.0270592344982943,0.0438284206684106,0.00457478595044634,8.27621062742972e-10,0.851370041433457
"TCGA-IN-AB1X-01",0.027693634140228,0.0577203758298976,0.0426698904430721,0.0253424822256251,0.121929906511574,0.0182984450331598,0.0283822504008145,0.0167246028070428,2.93985689710082e-09,0.66123840966873
"TCGA-IP-7968-01",0.0235237252938777,0.0345325253204335,0.0301472220263403,0.00997378051384726,0.0479171523098544,0.0396401528125143,0.0764442675007597,0.106086233371485,5.9621985744166e-09,0.631734934888689
"TCGA-KB-A6F7-01",0.0585678083221553,0.036568877996605,0.0326777048159107,0.0103535819772766,0.0692667900577833,0.0331149889522475,0.0147700823031097,0.011305054070214,0.00239067763093892,0.730984433873759
"TCGA-KB-A93G-01",0.0461848427905035,0,0.0227511612940025,0.00718632626729026,0.126111660923637,0.0263671715894812,1.19764585817977e-09,0.771392171662186,6.46380578020469e-06,2.00469473866249e-07
"TCGA-KB-A93H-01",0.00174926865942144,0.0701778451631225,0,0.00481235500609608,0.0379023218951234,0.0131708038536331,0.0102890808854069,0.0103841770762747,2.13565383713151e-10,0.851514147247357
"TCGA-KB-A93J-01",0.0604059063457447,0.00893941702705424,0.0198491152560641,0.0213122527919325,0.0327886911653046,0.0570353248731924,0.0231851238348814,0.0498979022624209,0.00105197741400408,0.725534289029401
"TCGA-MX-A5UG-01",0.0706848778508727,0.0172265442179594,0,0.0986275999326107,0.0411281453345915,0.0754831890658546,0.130091491908515,0.397666921500772,3.63088016719244e-08,0.169091193880022
"TCGA-MX-A5UJ-01",0.0242395058790354,0.00226800479416187,0.0133255890095139,0.0193956907524677,0.0314725396022959,0.0380995839117727,0.0595043267872809,0.131990228239592,0.00021006040813786,0.679494470615742
"TCGA-MX-A663-01",0.0289052929838984,0.00468848818742489,0.0107642466695528,0.00817785817409778,0.0289926008168899,0.0357337065640896,0.0987806154481864,0.322969529174349,2.91422507034481e-06,0.460984747756441
"TCGA-MX-A666-01",0.0306748149277643,0.0211352753494577,0.0173977860535632,0.077203088739111,0.0106390566127897,0.0443475056198935,0.0550832443017458,0.0209448011315913,1.21332335537213e-10,0.722574427142751
"TCGA-R5-A7O7-01",0.00647167871871924,0.00498632719954071,0.0262102724971757,0.00853521125085006,0.0693000607159395,0.0046806824832849,0.0462072534243716,0.0416759672017566,4.6753050045534e-09,0.791932541833057
"TCGA-R5-A7ZE-01",0.00911174439731077,0.00454256227846742,0,0.00368173977003674,0.0190173739551393,0.0134520067147647,0.0380090832823951,0.0162505937909976,0.00107871650335583,0.894856179307532
"TCGA-R5-A7ZF-01",0.00423548698093296,0.001513009553891,0,0.00623747016369646,0.0422528916185758,0,0.0182047422262319,0.021204365881838,0.000325291804743559,0.90602674177009
"TCGA-R5-A7ZI-01",0.0546712181321765,0.0425634555327226,0.0239260803364798,0.0138222315976358,0.127476642434164,0.0127374456756897,0.0122442711121561,0.0143481121148086,0.00284706342474256,0.695363479639425
"TCGA-R5-A7ZR-01",0.0172982292981804,0.00643260043901865,0.00936153026779251,0.012033884160687,0.0292740508537041,0.0218586089308627,0.0142274719456595,0.0146807187889432,2.35215365073923e-10,0.874832905079937
"TCGA-R5-A805-01",0.0450580148037744,0.00793047778457625,0,0.0275307666057346,0.0779380942091455,0.037424512152731,0.070942920527065,0.0960717740053294,2.34372076472394e-09,0.637103437567923
"TCGA-RD-A7BS-01",0.0313292306696377,0.00468739128604117,0.0153029305461282,0.0352805493653165,0.0466662258504982,0.0320715860800862,0.0415148709397794,0.0279159542476981,0.00108664557032766,0.764144615444487
"TCGA-RD-A7BT-01",0.0175261979928227,0.0028197156898116,0,0.00604397757644972,0.0227081823663371,0.0183168155320522,0.0174688170023716,0.0155500690851482,1.85754948888910e-10,0.899566224569252
"TCGA-RD-A7BW-01",0.0572780191966354,0.0796249741662631,0.0222304524090369,0.0103274904492116,0.0417189827697911,0.0759431582215568,0.062690766619721,0.0893968589120978,1.7790113803866e-09,0.560789295476675
"TCGA-RD-A7C1-01",0.0511187068433441,0.0278977320616413,0,0.00488488162400598,0.0440365656710791,0.0309422145180004,0.0266206670050014,0.0386664908153642,0.00243387799306661,0.773398863468497
"TCGA-RD-A8MV-01",0.0685513289285626,0.0242255432004695,0,0.0417701009327896,0.0480500020092218,0.0383139577763566,0.0454055529326459,0.0240890349837281,0.00144765208957083,0.708146827146655
"TCGA-RD-A8MW-01",0.0644961287575356,0.0197265520353485,0.0253307173291049,0.0190604875527218,0.0866795492760512,0.0471342869634162,0.0246477526209194,0.170036404884163,0.000349589323290794,0.542538531257448
"TCGA-RD-A8N0-01",0.0715383411474911,0.0446285782235222,0.0342710956948666,0.107258701587413,0.0200985882630388,0.0540604625495888,0.0403533431858574,0.055864370264298,7.12056797343263e-08,0.571926447878244
"TCGA-RD-A8N1-01",0.0994615512049477,0.0347194710309987,0,0.0674482221205392,0.0533340383796257,0.0571059076329831,0.0437532938939031,0.0610629654083276,4.15171851691181e-10,0.583114549913503
"TCGA-RD-A8N2-01",0.0545518388092057,0.00842754081216101,0.0158377367266784,0.0095869395583598,0.00787865427661334,0.0498864651375594,0.0552719454557549,0.0721721915087034,8.23325314881634e-08,0.726386605382433
"TCGA-RD-A8N4-01",0.0392820179874941,0.0152075919533931,0.017526544112335,0.0143750375156012,0.00867527615435112,0.0428265717789763,0.0694697040488212,0.0345431494965003,5.41431745737123e-09,0.75809410153821
"TCGA-RD-A8N5-01",0.0291806967451613,0,0,0.00508400939711832,0.0432415593209016,0.0272027059663446,0.0660829477752044,0.371535870008181,0.000150404344671576,0.457521806442417
"TCGA-RD-A8N6-01",0.0176926301474003,0.00620074394482022,0.00685086701134578,0.0124906634306135,0.0183542920139433,0.0318188181070434,0.0343412635740682,0.0390571550435913,2.9969824012333e-10,0.833193566427476
"TCGA-RD-A8N9-01",0.0518805893240948,0.0197767943000785,0,0.0254636904019495,0.0308198840104402,0.0738297769176739,0.0847210442854785,0.252896895736577,8.87636292456435e-09,0.460611316147345
"TCGA-RD-A8NB-01",0.0688261438115086,0.0144236694834969,0,0.0305604808385948,0.0603121859023792,0.045922251227923,0.0603559547407104,0.113866575271236,4.3537839519446e-10,0.605732738288772
"TCGA-SW-A7EA-01",0.00613968770463954,0.0113602212729047,0,0,0.124687770221342,0,0.00705957335264473,0.201699515165651,0.00632412605062493,0.642729106232194
"TCGA-SW-A7EB-01",0.0262245299705529,0.0133350043984761,0.0141068855044131,0.0261992689205501,0.0120580443133667,0.0344845066231268,0.0245876607078092,0.0241279648943539,7.04765355974684e-09,0.824876127619698
"TCGA-VQ-A8DT-01",0.00638912824407521,0.00216434612385108,0.00462680081697284,0.0114898580877756,0.0242448654380575,0.0332150789511641,0.0179147339491189,0.0115695412556272,4.76991295427665e-11,0.888385647085658
"TCGA-VQ-A8DU-01",0.0173746222389956,0.0105654521985281,0,0.00823145770439335,0.0302112448033087,0.015559640429232,0.0227048477116821,0.0948208365749363,0.00050341083877543,0.800028487500148
"TCGA-VQ-A8DV-01",0.0144549110520559,0.00343415482441378,0,0.00635747831020311,0.00958480041553393,0.0137521616771367,0.00130361731312242,0.0130315288113013,5.89807051092048e-08,0.938081288615528
"TCGA-VQ-A8DZ-01",0.0204558175691117,0.0267187849433605,0,0.00169237697163677,0.0268576687061179,0.0270002801363023,0.0439439764085368,0.0355617923407704,2.33013620537804e-09,0.817769300594027
"TCGA-VQ-A8E0-01",0.0463566867538431,0,0.019436046299155,0.00721682333484555,0.0581109025229612,0.0260203954139272,0.0407547390343192,0.0228783836581911,6.17880962517183e-10,0.779226022364877
"TCGA-VQ-A8E2-01",0.0292754666284849,0.0257191416784941,0.0319924312823633,0.00398922212968793,0.0268398779714004,0.0283481602765078,0.0472146578402459,0.137748233781753,0.000501944562335853,0.668370863848727
"TCGA-VQ-A8E3-01",0.0297595862514258,0.0198055880775279,0,0.0147962151574156,0.0890163896044032,0.0204802228520682,0.0305793176948852,0.0524517042951681,0.00541827770269479,0.737692698364411
"TCGA-VQ-A8E7-01",0.00828461000743563,0.0017239476642619,0.0105125000422168,0.00561178404357775,0.0250369050382218,0.0485653195677897,0.0391677600109166,0.107769944369232,8.47588215703412e-10,0.753327228408759
"TCGA-VQ-A8P2-01",0.00979055752442273,0,0,0.000275693845649544,0.0299530655855169,0.0192341547496161,0.017300129520973,0.0359586652937801,2.86204836038059e-10,0.887487733193837
"TCGA-VQ-A8P3-01",0.0112204921743513,0.018122465110904,0,0.00927203857462753,0.0553828844520058,0.00801537949271998,0.0364688195733982,0.0770253863749514,0.00204206910695762,0.782450465140084
"TCGA-VQ-A8P5-01",0.0154010784110689,0.00528320505553803,0.0170968453411903,0.0105853423471086,0.0551742305641283,0.0146486503370512,0.0226664643154955,0.190432028885117,0.00365907161975607,0.665053083123546
"TCGA-VQ-A8P8-01",0.0379617872601348,0.00421315451871928,0,0.0649490247100018,0.0365238621359601,0.049734862885171,0.0660625004347583,0.0423444777035778,2.13747517621675e-09,0.698210328214202
"TCGA-VQ-A8PB-01",0.00967799516940866,0.0103568277652845,0,0.00511511015470143,0.0904758392096821,0,0.0263850026643232,0.113603613921804,0.00137067303542095,0.743014938079375
"TCGA-VQ-A8PC-01",0.050111372013589,0.00586622617585985,0.020593128337558,0.0385869326885871,0.0140044507981878,0.0934329568161807,0.0491503145947853,0.0574512655691144,6.21449680989923e-09,0.670803346791641
"TCGA-VQ-A8PD-01",0.06667525380278,0.0280736677178818,0.0452449452004727,0.0864614872252278,0.0302946701080145,0.0428527951003428,0.125458725659089,0.11634731108154,2.67798967166486e-10,0.458591143836852
"TCGA-VQ-A8PE-01",0.0382445615553054,0.0195891190367214,0,0.0211088532878722,0.074585922586322,0.0214165512757883,0.021878428732375,0.0431498277204455,7.76636679471871e-10,0.760026735028533
"TCGA-VQ-A8PF-01",0.117656530884541,0.0561921145476098,0.0345479334315805,0.0368227451923503,0.0487146934123582,0.0628431968296936,0.0792703785693133,0.0582609510543566,0.00041640382348978,0.505275052254707
"TCGA-VQ-A8PH-01",0.0188794826304481,0.0268739899609203,0.00870233477443044,0.0111558913571945,0.0426360106971492,0.00991700685913724,0.0131495529925088,0.0268802135249858,6.77048272217902e-09,0.841805510432743
"TCGA-VQ-A8PJ-01",0.01126620521782,0.0167441126848477,0,0.0133405628536377,0.0225608686827008,0.0271387440629976,0.059379957451268,0.0414827946055285,3.43600329759182e-09,0.808086751005196
"TCGA-VQ-A8PK-01",0.0076132300655209,0.0144288640837889,0,0.0180725940539673,0.0858799399162911,0.0405868525431986,0.0189149969117486,0.170115385786814,0.00187820440497868,0.642509932233692
"TCGA-VQ-A8PM-01",0.0536846723326606,0.0106842577097411,0.0305014873203879,0.0554668204551381,0.0353570722208472,0.0400749736132282,0.0712565090109731,0.0690972197609759,1.69510497421634e-08,0.633876970624998
"TCGA-VQ-A8PO-01",0.0358232367745228,0.0312659791688649,0.0416799808159269,0.0285327767735384,0.119100132571844,0.00566601831910052,0.0199425057195038,0.134458313855568,0.000678516064413086,0.582852539936718
"TCGA-VQ-A8PP-01",0.0201120908571357,0.0169037458670734,0.0393036302005092,0.0140051739526499,0.0625952185482809,0.0131906756340549,0.0196183755734527,0.250512815609147,3.70556974496004e-09,0.563758270052127
"TCGA-VQ-A8PQ-01",0.135114703361656,0.0533795837011713,0,0.234285302651582,0.0218560723453478,0.0765688151433474,0.0718370180615668,0.15833422418107,8.43610824147894e-08,0.248624196193175
"TCGA-VQ-A8PU-01",0.00247629413387429,0,0.00206950034197495,0.0114172929149724,0.134632817783583,0,0.0214877690743046,0.0368391588775886,9.08774357968594e-10,0.791077165964928
"TCGA-VQ-A8PX-01",0.0210373662790883,0.00935209737550478,0.0462762979556975,0.0287983417467627,0.151507426843659,0,0.0248035794472175,0.0116901670664656,2.16767293367938e-10,0.706534723068837
"TCGA-VQ-A91A-01",0.0453642549418919,0,0.0149943188684317,0.00524694283420789,0.0836393109600731,0.0214789255953109,0.0625522909361043,0.589654737580106,0.00042960810587156,0.176639610178002
"TCGA-VQ-A91D-01",0.0133412999445158,0.000560260349989642,0.0168564261647766,0.00851344053441905,0.109762127904287,0.0104375983976932,0.020222302434752,0.123858145692619,0.00143390228799635,0.695014496288952
"TCGA-VQ-A91E-01",0.0128657211024482,0.0181869647747013,0.0248889726174559,0.030104330220446,0.0481346961316193,0.0179050131329632,0.0283917421374662,0.0132670598085399,8.45812077994966e-10,0.806255499228548
"TCGA-VQ-A91K-01",0.0447926301750519,0.00410556682933662,0.0208375332969042,0.0223541376448904,0.0445102328096993,0.0658436087692413,0.0166521225196135,0.135198141631099,3.67404933939907e-08,0.64570598958367
"TCGA-VQ-A91N-01",0.0231020279023417,0.00502015404782897,0.0187025022815781,0.0201719189588082,0.012642156490584,0.0272266590557365,0.0291271773437648,0.0186746110684968,1.52150098713553e-12,0.84533279284934
"TCGA-VQ-A91Q-01",0.0191421134504513,0,0,0.0179876890758728,0.0695578737694964,0.0316252360452447,0.0936870168919568,0.146234161424249,1.01465340814092e-08,0.621765899196195
"TCGA-VQ-A91S-01",0.0181256608354998,0.0519258740649838,0.0151697234256085,0.013692189773744,0.0441065414089865,0.0435762214597578,0.033551273190608,0.0271301824568049,1.06092168100391e-09,0.752722332323085
"TCGA-VQ-A91U-01",0.0278483537117173,0.0226229820617443,0.0316815135557892,0.0178295927167374,0.0336276912638368,0.042248203906365,0.0324902532846074,0.040981029094388,1.89286527319009e-09,0.750670378511949
"TCGA-VQ-A91V-01",0.00989671376141842,0.000964590582660121,0.0105368753517974,0.0139281454732349,0.0199342479417037,0.0269337384738722,0.0256060691645016,0.0138583206694419,7.4638831582623e-11,0.878341298506731
"TCGA-VQ-A91W-01",0.0243396498408042,0,0,0.0017268045171155,0.295518115169441,0,0.0227382591108373,0.0186442131929721,7.63063165545498e-10,0.637032957405766
"TCGA-VQ-A91X-01",0.00138589782057305,0,0.00262316382532071,0.00543541544942216,0.0245784899789553,0.0126181064588172,0.00659873154931574,0.0108177219750058,2.91304502118783e-09,0.935942470029545
"TCGA-VQ-A91Y-01",0.0613086245297716,0.0169750948649771,0.0374657569701131,0.0281749371010207,0.0475377470374306,0.0556108888580607,0.0538536773716879,0.162454010717809,9.74978884266005e-09,0.536619252799341
"TCGA-VQ-A91Z-01",0.00641278047943051,0.0150372517477973,0,0.00246296496231711,0.0201438019859931,0.0305593920829518,0.0163984445479785,0.0454749573287178,3.82116272936888e-09,0.863510403043651
"TCGA-VQ-A922-01",0.0189732347794181,0.00417802117729407,0,0.0154014190561453,0.0407017787433096,0.0395698019087124,0.0699577062079077,0.283807856617019,8.41895043810618e-08,0.52741009732069
"TCGA-VQ-A923-01",0.0755483122752886,0.0741183413547971,0,0.0478686518488515,0.0542951650406839,0.0402958040979575,0.0761705407742851,0.0424415655086824,0.000144137061410148,0.589117482038044
"TCGA-VQ-A924-01",0.0477469297423051,0.0171014403545248,0.0230864796918332,0.00732334612485441,0.0833137255996092,0.0280213728949209,0.0148324269348851,0.11361909223812,0.00135627478244682,0.6635989116365
"TCGA-VQ-A925-01",0.0121654505019532,0.00623935893146373,0.00808233362151198,0.0109745325511175,0.0174841049003998,0.0165248060315953,0.0377362619079472,0.0257723629575674,5.16959215500526e-11,0.865020788544748
"TCGA-VQ-A927-01",0.0182413343809238,0.00110837305873451,0.0185102779348515,0.022997069560581,0.022717543115699,0.0498875653080597,0.0922559296754658,0.0919292676522799,3.81599569798215e-11,0.682352639275245
"TCGA-VQ-A928-01",0.0130036874270131,0,0.0246697200899232,0.0110082605933672,0.0809782663334263,0.0331394762078494,0.0519391589786237,0.215012084516243,2.58786660066084e-08,0.570249319974887
"TCGA-VQ-A92D-01",0.0067034872439459,0,0.0118359278578065,0.0131105852522253,0.0519638773518092,0.00979536878360705,0.0251857443010666,0.119431373704003,3.39213063201351e-08,0.76197360158423
"TCGA-VQ-A94O-01",0.0131885374392532,0,0.0184838224440641,0.0051032346458085,0.0775406819396918,0.00241790505667414,0.0351089207316758,0.0443237444402715,5.2933897633167e-09,0.803833148009171
"TCGA-VQ-A94P-01",0.0369940965137214,0.0117114061137501,0,0.0109555406130701,0.0314186886335832,0.0582419177793241,0.14671415901645,0.0965827659638819,1.23218905033151e-08,0.607381413044329
"TCGA-VQ-A94R-01",0.0353589435881176,0.0143609600060821,0.0301006089891916,0.0125508752463091,0.0230833752672528,0.0612907356023007,0.0541977794441564,0.205050955578617,6.63730845676891e-11,0.564005766211599
"TCGA-VQ-A94T-01",0.00248758936499368,0,0.00540596969669919,0.00398993721776032,0.0231223698443112,0.00915334329004672,0.046269080172845,0.0562533723723678,0.00125300858283545,0.852065329458141
"TCGA-VQ-A94U-01",0.0229116097019907,0.00059506684477372,0,0.0112821554026746,0.0324343208576927,0.0429421260180059,0.105927470507449,0.10260851196294,1.72377037926045e-09,0.681298736980704
"TCGA-VQ-AA64-01",0.022406430942114,0.00179470755243328,0,0.015528415994981,0.0263484024749113,0.031608056997615,0.0435676938753038,0.483702562230377,0.000327858202288944,0.374715871729975
"TCGA-VQ-AA68-01",0.0342893257393026,0.0158132157452735,0.0204833648062746,0.0190222790547772,0.0455466296769185,0.020202657183651,0.0229199798691425,0.0210788501353108,1.23344582733262e-09,0.800643696555903
"TCGA-VQ-AA69-01",0.0116748578560647,0,0.183775801024528,0.00578431216681628,0.0368796783379044,0.0298041379155296,0.0166732537773753,0.0143160099147328,3.03178525048874e-10,0.70109194870387
"TCGA-VQ-AA6A-01",0.0145673366376627,0,0.00744918954632117,0.0189962127197439,0.0566495686252374,0.00664130147648494,0.0210262902277249,0.0374478858237073,1.16261176452283e-08,0.837222203317
"TCGA-VQ-AA6B-01",0.00814571868086524,0,0,0.00830348267762803,0.0144480044692004,0.0270006739115737,0.0222808920883768,0.0651117425128124,1.10279169960241e-09,0.854709484556752
"TCGA-VQ-AA6D-01",0.000731484213169941,0.0146610299316965,0,0,0.242521535356357,0,0.0105786189447664,0.0272100046888272,4.72962436031318e-10,0.70429732639222
"TCGA-VQ-AA6F-01",0.0209848235290344,0.00757388703809849,0,0.0464758267607996,0.0661708591413948,0.0081773993355637,0.0396164236362488,0.0217525317479092,8.26758456389513e-10,0.789248247984193
"TCGA-VQ-AA6G-01",0.0139973053755986,0,0,0.00965889228520395,0.0775771702071612,0.00777066105144641,0.0552586895936446,0.0295796899675025,3.47376606330966e-10,0.806157591172066
"TCGA-VQ-AA6I-01",0.0416996720865572,0.00878583148074304,0,0.0114252740491171,0.0256202230619398,0.0439677027746752,0.0272224188408006,0.0313858266784989,1.4835671825286e-09,0.809893049544101
"TCGA-VQ-AA6J-01",0.0712242721153904,0.0137755334574986,0.0245017229833208,0.0341638646679449,0.0518157586114075,0.0469614078659356,0.0351986993925982,0.0946931108912613,0.000187401852366841,0.627478228162276
"TCGA-VQ-AA6K-01",0.0186522061081612,0.019671262483451,0,0.0152383022982273,0.0284915793276485,0.0336549983980303,0.039971899431326,0.0644689430757008,2.8151970876663e-10,0.779850808595935
"TCGA-ZA-A8F6-01",0.0643993860479452,0.00340495768035982,0,0.0121413366937496,0.026037184225656,0.0852791820653894,0.0424975040995194,0.0735712982233201,7.74435699109833e-09,0.692669143219703
"TCGA-ZQ-A9CR-01",0.0271737021022882,0.0149578671275076,0,0.00443045337271844,0.20446190887251,0,0.0697426947784936,0.210349519551779,0.00675675690940123,0.462127097285302
